[
    {
      "id": 1,
      "name": "Tomar 2 litros de água",
      "isCompleted": false,
      "date": "2025-04-04T00:00:00Z"
    },
    {
      "id": 2,
      "name": "Realizar caminhada leve",
      "isCompleted": true,
      "date": "2025-04-04T07:00:00Z"
    },
    {
      "id": 3,
      "name": "Registrar sintomas do dia",
      "isCompleted": false,
      "date": "2025-04-04T20:00:00Z"
    },
    {
      "id": 4,
      "name": "Evitar alimentos gordurosos",
      "isCompleted": true,
      "date": "2025-04-04T12:00:00Z"
    },
    {
      "id": 5,
      "name": "Tomar medicamento no horário",
      "isCompleted": true,
      "date": "2025-04-04T08:00:00Z"
    },
    {
      "id": 6,
      "name": "Dormir pelo menos 8 horas",
      "isCompleted": false,
      "date": "2025-04-04T23:00:00Z"
    }
]